architecture,variant,learned_layers,parameter_millions,approx_macs_billions,reference_input,comparison_note,source_note
LeNet,LeNet-5,5,0.06,0.0004,32x32 grayscale,Small debug baseline; an RGB CIFAR-10 adaptation changes the first layer but remains low capacity.,lecun1998gradient architecture plus direct LeNet-5 layer arithmetic for parameters and MACs
AlexNet,AlexNet,8,61,0.72,227x227 RGB crop,Large classifier and aggressive first stride reflect the ImageNet and GPU setting.,krizhevsky2012imagenet architecture plus direct layer arithmetic for 227x227 crop and 1000-class head
VGG,VGG-16,16,138,15.5,224x224 RGB crop,Very regular but parameter-heavy and compute-heavy.,simonyan2014very configuration D plus direct layer arithmetic for 224x224 crop and 1000-class head
VGG,VGG-19,19,144,19.6,224x224 RGB crop,Same design rule as VGG-16 with three additional convolution layers and higher compute.,simonyan2014very configuration E plus direct layer arithmetic for 224x224 crop and 1000-class head
GoogLeNet/Inception,GoogLeNet v1,22,6.8,1.5,224x224 RGB crop,Inception bottlenecks make the model much smaller than VGG despite greater structural complexity.,szegedy2015going Table 1 plus direct arithmetic for Inception v1 224x224 crop
ResNet,ResNet-50,50,25.6,4.1,224x224 RGB crop,Canonical ImageNet count; the chapter CIFAR-stem 10-class run measured 23.52M parameters.,he2016deep Table 1 bottleneck ResNet-50 plus direct arithmetic for 224x224 ImageNet head and chapter PyTorch metadata for CIFAR-stem count
DenseNet,DenseNet-121,121,8.0,2.9,224x224 RGB crop,Parameter-efficient feature reuse can still have high activation-memory cost.,huang2017densely DenseNet-121 ImageNet configuration plus direct arithmetic for 224x224 crop and 1000-class head
MobileNetV2,MobileNetV2,53,3.4,0.30,224x224 RGB crop,Inverted residual blocks and depthwise separable convolutions target efficient deployment.,sandler2018mobilenetv2 MobileNetV2 1.0 reported parameters and multiply-adds for 224x224 input
EfficientNet,EfficientNet-B0,compound scaled,5.3,0.39,224x224 RGB crop,Compound scaling grows an efficient MBConv-based baseline.,tan2019efficientnet EfficientNet-B0 reported parameters and FLOPs
